{
  "quote_request": {
    "template": "quote_request.j2",
    "required": ["customerName", "vendor", "partNumber", "quantity", "needBy", "validThrough", "senderName"]
  },
  "order_confirmation": {
    "template": "order_confirmation.j2",
    "required": ["customerName", "poNumber", "itemsSummary", "promisedShip", "senderName"]
  },
  "delay_notice": {
    "template": "delay_notice.j2",
    "required": ["customerName", "poNumber", "partNumber", "previousShip", "newShip", "reason", "senderName"]
  },
{
  "name": "shipment_update",
  "label": "Shipment Update",
  "template": "shipment_update.j2",
  "subject": "Shipment Update",
  "required": ["po", "trackingNumber", "carrier", "shipDate"]
},

  "invoice_payment": {
    "template": "invoice_payment.j2",
    "required": ["customerName", "invoiceNumber", "amount", "paymentMethod", "paymentDate", "senderName"]
  },
  "packing_slip_docs": {
    "template": "packing_slip_docs.j2",
    "required": ["customerName", "poNumber", "docsList", "senderName"]
  },
  "followup": {
    "template": "followup.j2",
    "required": ["customerName", "context", "ask", "senderName"]
  }
}

