{
  "order_confirmation": [
    "purchase order",
    "po ",
    "po#",
    "po# ",
    "attached po",
    "please find po",
    "our po",
    "new order",
    "order confirmation",
    "order confirmed",
    "sales order",
    "thank you for your order"
  ],
  "qb_order": [
    "qb order", 
    "quickbooks order", 
    "process order",
    "confirm shipment", 
    "order ready"
],
  "quote_request": [
    "rfq",
    "request for quote",
    "quote request",
    "can you quote",
    "pricing request",
    "need pricing",
    "what is your price",
    "need a quote",
    "estimate"
  ],
  "followup": [
    "re:",
    "following up",
    "circling back",
    "touching base",
    "any update",
    "any updates",
    "checking in",
    "just checking",
    "please advise",
    "status?",
    "?"
  ],
  "shipment_update": [
    "order update",
    "status update",
    "any update on the order",
    "tracking",
    "tracking number",
    "shipped",
    "in transit",
    "eta",
    "delivery date",
    "lead time",
    "backorder",
    "new ship date"
  ],
  "delay_notice": [
    "delay",
    "backorder",
    "lead time change",
    "pushed",
    "slipped",
    "new ship date"
  ],
  "invoice_payment": [
    "invoice",
    "payment",
    "paid",
    "remit",
    "bill",
    "net 30"
  ],
  "packing_slip_docs": [
    "packing slip",
    "documents",
    "docs attached",
    "commercial invoice",
    "po paperwork"
  ],
  "_autodetect": {
    "enabled": true,
    "threshold": 0.55,
    "low_threshold": 0.40,
    "fallback": true
  }
}

